no,도서번호,상품명,저자,출판사,발행일자,분야,분야 ID,대여상태,평균별점,누적 대여횟수
1,S00001,달과 6펜스,서머싯 몸,민음사,20000620,소설,A5,,,
2,S00002,싯다르타,헤르만 헤세,민음사,20020120,소설,A5,,,
3,S00003,1984,조지 오웰,민음사,20070330,소설,A5,,,
4,S00004,브람스를 좋아하세요,프랑수아즈 사강,민음사,20080502,소설,A5,,,
5,S00005,동물농장,조지 오웰,민음사,20090107,소설,A5,,,
6,S00006,데미안,헤르만 헤세,민음사,20090120,소설,A5,,,
7,S00007,설국,가와바타 야스나리,민음사,20090120,소설,A5,,,
8,S00008,위대한 개츠비,F. 스콧 피츠제럴드,민음사,20090120,소설,A5,,,
9,S00009,권력의 법칙,로버트 그린 외,웅진지식하우스,20090302,경제/경영,A1,,,
10,S00010,면도날,서머싯 몸,민음사,20090630,소설,A5,,,
11,S00011,죽은 왕녀를 위한 파반느,박민규,위즈덤하우스,20090720,소설,A5,,,
12,S00012,코스모스,칼 세이건,사이언스북스,20100120,과학,A2,,,
13,S00013,식민지 조선인을 논하다,다카하시 도루,동국대학교출판부,20100820,역사/문화,A7,,,
14,S00014,페스트,알베르 카뮈,민음사,20110403,소설,A5,,,
15,S00015,월든(완결판),헨리 데이빗 소로우,은행나무,20110822,시/에세이,A6,,,
16,S00016,불안(리커버:K),알랭 드 보통,은행나무,20120104,시/에세이,A6,,,
17,S00017,죄와 벌 1,도스토예프스키,민음사,20120330,소설,A5,,,
18,S00018,인간 실격,다자이 오사무,민음사,20120410,소설,A5,,,
19,S00019,최고의 주식 최적의 타이밍,윌리엄 J. 오닐,굿모닝북스,20120625,경제/경영,A1,,,
20,S00020,자기 앞의 생,에밀 아자르,문학동네,20130124,소설,A5,,,
21,S00021,모순,양귀자,쓰다,20130401,소설,A5,,,
22,S00022,원씽(The One Thing)(60만 부 기념 스페셜 에디션),게리 켈러 외,비즈니스북스,20130830,자기계발,A10,,,
23,S00023,자본주의,EBS 자본주의 제작팀,가나출판사,20130927,경제/경영,A1,,,
24,S00024,눈물을 마시는 새 세트,이영도,황금가지,20140201,소설,A5,,,
25,S00025,소년이 온다,한강,창비,20140519,소설,A5,,,
26,S00026,정확한 사랑의 실험,신형철,마음산책,20141001,시/에세이,A6,,,
27,S00027,스토너,존 윌리엄스,알에이치코리아,20150102,소설,A5,,,
28,S00028,엔트로피,제레미 리프킨,세종연구원,20150401,과학,A2,,,
29,S00029,심연으로부터,오스카 와일드,문학동네,20150502,시/에세이,A6,,,
30,S00030,멋진 신세계,올더스 헉슬리,소담출판사,20150612,소설,A5,,,
31,S00031,책문,김태완,현자의마을,20150615,역사/문화,A7,,,
32,S00032,앵무새 죽이기(리커버판),하퍼 리,열린책들,20150630,소설,A5,,,
33,S00033,수급단타왕 수급매매 절대비기,고명환,메가스터디북스,20160222,경제/경영,A1,,,
34,S00034,종의 기원,정유정,은행나무,20160516,소설,A5,,,
35,S00035,시지프 신화,알베르 카뮈,민음사,20160617,소설,A5,,,
36,S00036,살육에 이르는 병,아비코 다케마루,검은숲,20160701,소설,A5,,,
37,S00037,너무 시끄러운 고독,보후밀 흐라발,문학동네,20160708,소설,A5,,,
38,S00038,슈독(Shoe Dog),필 나이트,사회평론,20161007,경제/경영,A1,,,
39,S00039,달리기를 말할 때 내가 하고 싶은 이야기,무라카미 하루키,문학사상,20161215,시/에세이,A6,,,
40,S00040,바깥은 여름,김애란,문학동네,20170628,소설,A5,,,
41,S00041,해가 지는 곳으로,최진영,민음사,20170630,소설,A5,,,
42,S00042,외투,니콜라이 고골,민음사,20170630,소설,A5,,,
43,S00043,더 브레인,데이비드 이글먼,해나무,20170725,과학,A2,,,
44,S00044,노르웨이의 숲,무라카미 하루키,민음사,20170807,소설,A5,,,
45,S00045,용의자 X의 헌신,히가시노 게이고,재인,20170830,소설,A5,,,
46,S00046,바다는 잘 있습니다,이병률,문학과지성사,20170920,시/에세이,A6,,,
47,S00047,삶은 왜 짐이 되었는가,박찬국,21세기북스,20170920,인문,A9,,,
48,S00048,패권의 비밀,김태유 외,서울대학교출판문화원,20170925,경제/경영,A1,,,
49,S00049,회색 인간,김동식,요다,20171227,소설,A5,,,
50,S00050,침팬지 폴리틱스,프란스 드 발,바다출판사,20180309,과학,A2,,,
51,S00051,생각에 관한 생각,대니얼 카너먼,김영사,20180330,경제/경영,A1,,,
52,S00052,명상록,마르쿠스 아우렐리우스,현대지성,20180402,인문,A9,,,
53,S00053,파과,구병모,위즈덤하우스,20180416,소설,A5,,,
54,S00054,서늘한 신호,개빈 드 베커,청림출판,20180615,인문,A9,,,
55,S00055,참을 수 없는 존재의 가벼움,밀란 쿤데라,민음사,20180620,소설,A5,,,
56,S00056,고백,미나토 가나에,비채,20180823,소설,A5,,,
57,S00057,무기가 되는 스토리,도널드 밀러,윌북,20180930,자기계발,A10,,,
58,S00058,선악의 저편,프리드리히 니체,아카넷,20181127,인문,A9,,,
59,S00059,연금술사,파울로 코엘료,문학동네,20181205,소설,A5,,,
60,S00060,아주 작은 습관의 힘,제임스 클리어,비즈니스북스,20190226,자기계발,A10,,,
61,S00061,회복탄력성(15만부 기념 리커버),김주환,위즈덤하우스,20190329,자기계발,A10,,,
62,S00062,나는 소망한다 내게 금지된 것을,양귀자,쓰다,20190420,소설,A5,,,
63,S00063,우리가 빛의 속도로 갈 수 없다면,김초엽,허블,20190624,소설,A5,,,
64,S00064,아침 그리고 저녁,욘 포세,문학동네,20190726,소설,A5,,,
65,S00065,종의 기원,찰스 다윈 외,사이언스북스,20190731,과학,A2,,,
66,S00066,사랑의 기술,에리히 프롬,문예출판사,20190901,인문,A9,,,
67,S00067,이방인,알베르 카뮈,민음사,20190902,소설,A5,,,
68,S00068,데일 카네기 인간관계론(50만부 돌파 초판 무삭제 완역본),데일 카네기,현대지성,20191007,자기계발,A10,,,
69,S00069,설중환 교수와 함께 배우는 한자성어 1,설중환,알앤비,20191115,인문,A9,,,
70,S00070,페인트,이희영,창비,20191129,소설,A5,,,
71,S00071,소유냐 존재냐,에리히 프롬,까치,20200203,인문,A9,,,
72,S00072,지적 대화를 위한 넓고 얕은 지식 1,채사장,웨일북(whalebooks),20200205,인문,A9,,,
73,S00073,지적 대화를 위한 넓고 얕은 지식 2,채사장,웨일북(whalebooks),20200205,인문,A9,,,
74,S00074,소년과 두더지와 여우와 말,찰리 맥커시,상상의힘,20200420,시/에세이,A6,,,
75,S00075,죽음의 수용소에서,빅터 프랭클,청아출판사,20200530,시/에세이,A6,,,
76,S00076,돈의 속성(400쇄 리커버에디션),김승호,스노우폭스북스,20200615,경제/경영,A1,,,
77,S00077,스토너(초판본),존 윌리엄스,알에이치코리아,20200624,소설,A5,,,
78,S00078,희망,양귀자,쓰다,20200630,소설,A5,,,
79,S00079,여름의 빌라,백수린,문학동네,20200707,소설,A5,,,
80,S00080,여름 언덕에서 배운 것,안희연,창비,20200724,시/에세이,A6,,,
81,S00081,여름,이디스 워튼,민음사,20200814,소설,A5,,,
82,S00082,천 개의 파랑,천선란,허블,20200819,소설,A5,,,
83,S00083,명랑한 은둔자,캐럴라인 냅,바다출판사,20200904,시/에세이,A6,,,
84,S00084,인간의 내밀한 역사,시어도어 젤딘,어크로스,20200918,인문,A9,,,
85,S00085,꽃을 보듯 너를 본다,나태주,지혜,20201130,시/에세이,A6,,,
86,S00086,공정하다는 착각,마이클 샌델,와이즈베리,20201201,인문,A9,,,
87,S00087,데일 카네기 자기관리론(국내최초 초판 무삭제 완역본),데일 카네기,현대지성,20210113,자기계발,A10,,,
88,S00088,내가 되는 꿈,최진영,현대문학,20210225,소설,A5,,,
89,S00089,프레임,최인철,21세기북스,20210302,자기계발,A10,,,
90,S00090,시간의 역사(결정판),스티븐 호킹,까치,20210415,과학,A2,,,
91,S00091,불편한 편의점(벚꽃 에디션),김호연,나무옆의자,20210420,소설,A5,,,
92,S00092,소크라테스 익스프레스,에릭 와이너,어크로스,20210428,인문,A9,,,
93,S00093,프로젝트 헤일메리,앤디 위어,알에이치코리아,20210504,소설,A5,,,
94,S00094,마션(스폐셜 에디션),앤디 위어,알에이치코리아,20210504,소설,A5,,,
95,S00095,욕구들,캐럴라인 냅,북하우스,20210517,시/에세이,A6,,,
96,S00096,"오늘 밤, 세계에서 이 사랑이 사라진다 해도",이치조 미사키,모모,20210628,소설,A5,,,
97,S00097,위대한 나의 발견 강점혁명,갤럽 프레스,청림출판,20210719,자기계발,A10,,,
98,S00098,홍학의 자리,정해연,엘릭시르,20210726,소설,A5,,,
99,S00099,군주론(무삭제 완역본),니콜로 마키아벨리,현대지성,20210726,인문,A9,,,
100,S00100,밝은 밤,최은영,문학동네,20210727,소설,A5,,,
101,S00101,월가의 영웅,피터 린치 외,국일증권경제연구소,20210730,경제/경영,A1,,,
102,S00102,지구 끝의 온실,김초엽,자이언트북스,20210818,소설,A5,,,
103,S00103,작별하지 않는다,한강,문학동네,20210909,소설,A5,,,
104,S00104,여름 상설 공연,박은지,민음사,20210910,시/에세이,A6,,,
105,S00105,어린 왕자(초판본)(1943년 오리지널 초판본 표지디자인),앙투안 생텍쥐페리,더스토리,20211004,소설,A5,,,
106,S00106,거꾸로 읽는 세계사,유시민,돌베개,20211029,역사/문화,A7,,,
107,S00107,1984,조지 오웰,소담출판사,20211208,소설,A5,,,
108,S00108,물고기는 존재하지 않는다,룰루 밀러,곰출판,20211217,과학,A2,,,
109,S00109,스피노자 윤리학 수업,진태원,그린비,20220130,인문,A9,,,
110,S00110,한여름 손잡기,권누리,봄날의책,20220131,시/에세이,A6,,,
111,S00111,나는 나로 살기로 했다(영미권 출간기념 특별판),김수현,클레이하우스,20220204,시/에세이,A6,,,
112,S00112,진짜 쓰는 실무 엑셀,오빠두(전진권),제이펍,20220215,컴퓨터/IT,A12,,,
113,S00113,여름 빛 아래,황수영,별빛들,20220326,시/에세이,A6,,,
114,S00114,채식주의자,한강,창비,20220328,소설,A5,,,
115,S00115,당신은 결국 무엇이든 해내는 사람(특별 리커버 에디션),김상현,필름(Feelm),20220420,시/에세이,A6,,,
116,S00116,세상의 마지막 기차역(리커버 에디션),무라세 다케시,모모,20220509,소설,A5,,,
117,S00117,빛을 걷으면 빛,성해나,문학동네,20220531,소설,A5,,,
118,S00118,변화하는 세계 질서,레이 달리오,한빛비즈,20220601,경제/경영,A1,,,
119,S00119,새의 선물,은희경,문학동네,20220603,소설,A5,,,
120,S00120,넛지(파이널 에디션),리처드 탈러 외,리더스북,20220620,경제/경영,A1,,,
121,S00121,워런 버핏의 주주 서한,워렌 버핏 (원저) 외,에프엔미디어,20220722,경제/경영,A1,,,
122,S00122,사서함 110호의 우편물,이도우,수박설탕,20220730,소설,A5,,,
123,S00123,초역 니체의 말,프리드리히 니체,삼호미디어,20220829,인문,A9,,,
124,S00124,진격의 거인 박스세트 1,Hajime Isayama,학산문화사,20221007,만화,A4,,,
125,S00125,인생의 역사,신형철,난다,20221017,시/에세이,A6,,,
126,S00126,부자 아빠 가난한 아빠 1(20주년 특별 기념판),로버트 기요사키,민음인,20221028,경제/경영,A1,,,
127,S00127,잘했고 잘하고 있고 잘 될 것이다(50만 부 기념),정영욱,부크럼,20221028,시/에세이,A6,,,
128,S00128,노희영의 브랜딩 법칙,노희영,21세기북스,20221101,경제/경영,A1,,,
129,S00129,우중괴담,미쓰다 신조,북로드,20221104,소설,A5,,,
130,S00130,왜 나는 너를 사랑하는가(70만 부 기념 리커버),알랭 드 보통,청미래,20221110,소설,A5,,,
131,S00131,기분이 태도가 되지 말자 (20만 부 기념 개정판),김수현(훈글),하이스트,20221125,시/에세이,A6,,,
132,S00132,코스모스,칼 세이건,사이언스북스,20221215,과학,A2,,,
133,S00133,그릿(50만부 판매 기념 리커버 골드에디션),앤절라 더크워스,비즈니스북스,20221219,자기계발,A10,,,
134,S00134,급류,정대건,민음사,20221222,소설,A5,,,
135,S00135,미움받을 용기(200만 부 기념 스페셜 에디션),기시미 이치로 외,인플루엔셜,20221228,인문,A9,,,
136,S00136,호밀밭의 파수꾼,제롬 데이비드 샐린저,민음사,20230117,소설,A5,,,
137,S00137,당신의 세계는 아직도 바다와 빗소리와 작약을 취급하는지,김경미,민음사,20230127,시/에세이,A6,,,
138,S00138,사피엔스(양장 특별판),유발 하라리,김영사,20230127,인문,A9,,,
139,S00139,주식투자 무작정 따라하기(2023),윤재수,길벗,20230130,경제/경영,A1,,,
140,S00140,이기적 유전자,리처드 도킨스,을유문화사,20230130,과학,A2,,,
141,S00141,모 이야기,최연주,엣눈북스,20230206,소설,A5,,,
142,S00142,세이노의 가르침(올블랙 유광 에디션),세이노(SayNo),데이원,20230302,자기계발,A10,,,
143,S00143,두고 온 여름,성해나,창비,20230317,소설,A5,,,
144,S00144,아비투스(양장특별판),도리스 메르틴,다산초당,20230324,인문,A9,,,
145,S00145,타코피의 원죄(하),Taizan5,대원씨아이,20230331,만화,A4,,,
146,S00146,타코피의 원죄(상),Taizan5,대원씨아이,20230331,만화,A4,,,
147,S00147,슬픔이여 안녕,프랑수아즈 사강,아르테(arte),20230331,소설,A5,,,
148,S00148,하우스메이드,프리다 맥파든,북플라자,20230401,소설,A5,,,
149,S00149,사피엔스,유발 하라리,김영사,20230401,인문,A9,,,
150,S00150,맡겨진 소녀,클레어 키건,다산책방,20230421,소설,A5,,,
151,S00151,구의 증명(리커버판),최진영,은행나무,20230426,소설,A5,,,
152,S00152,끝까지 남겨두는 그 마음,나태주,북로그컴퍼니,20230426,시/에세이,A6,,,
153,S00153,설득의 심리학 1(20주년 기념 개정증보판),로버트 치알디니,21세기북스,20230426,자기계발,A10,,,
154,S00154,도둑맞은 집중력,요한 하리,어크로스,20230428,인문,A9,,,
155,S00155,총 균 쇠,재레드 다이아몬드,김영사,20230511,역사/문화,A7,,,
156,S00156,AI 이후의 세계,헨리 키신저 외,윌북,20230522,경제/경영,A1,,,
157,S00157,종의 기원담,김보영,아작,20230614,소설,A5,,,
158,S00158,Do it! 점프 투 파이썬,박응용,이지스퍼블리싱,20230615,컴퓨터/IT,A12,,,
159,S00159,작은 땅의 야수들(리커버 무선판),김주혜,다산책방,20230619,소설,A5,,,
160,S00160,최소한의 한국사,최태성,프런트페이지,20230621,역사/문화,A7,,,
161,S00161,너무나 많은 여름이,김연수,레제,20230626,소설,A5,,,
162,S00162,결혼ㆍ여름,알베르 카뮈,녹색광선,20230804,시/에세이,A6,,,
163,S00163,총 균 쇠(출간 25주년 기념 양장판),재레드 다이아몬드,김영사,20230810,역사/문화,A7,,,
164,S00164,낮은 해상도로부터,서이제,문학동네,20230831,소설,A5,,,
165,S00165,마흔에 읽는 쇼펜하우어,강용수,유노북스,20230907,인문,A9,,,
166,S00166,"돈, 뜨겁게 사랑하고 차갑게 다루어라",앙드레 코스톨라니,미래의창,20230921,경제/경영,A1,,,
167,S00167,오래 보고 싶었다,나태주,더블북,20231005,시/에세이,A6,,,
168,S00168,내가 아직 쓰지 않은 것,강신애 외,문학동네,20231016,시/에세이,A6,,,
169,S00169,샤워젤과 소다수,고선경,문학동네,20231019,시/에세이,A6,,,
170,S00170,내가 본 미래(완전판),타츠키 료,도토리,20231031,만화,A4,,,
171,S00171,오십에 읽는 주역,강기진,유노북스,20231031,인문,A9,,,
172,S00172,돈의 심리학(30만 부 기념 스페셜 에디션),모건 하우절,인플루엔셜,20231106,경제/경영,A1,,,
173,S00173,메스를 든 사냥꾼,최이도,해피북스투유,20231113,소설,A5,,,
174,S00174,행복한 철학자,우애령,하늘재,20231115,시/에세이,A6,,,
175,S00175,나는 메트로폴리탄 미술관의 경비원입니다(20만 부 기념 양장 에디션),패트릭 브링리,웅진지식하우스,20231124,시/에세이,A6,,,
176,S00176,이처럼 사소한 것들,클레어 키건,다산책방,20231127,소설,A5,,,
177,S00177,말하고 싶은 비밀,사쿠라 이이요,모모,20231208,소설,A5,,,
178,S00178,귀신들의 땅,천쓰홍,민음사,20231229,소설,A5,,,
179,S00179,SQL 자격검정 실전문제,한국데이터산업진흥원,한국데이터산업진흥원,20231229,컴퓨터/IT,A12,,,
180,S00180,내가 한 말을 내가 오해하지 않기로 함,문상훈,위너스북,20240105,시/에세이,A6,,,
181,S00181,국부론(국내 유일 단권 완역본),애덤 스미스,현대지성,20240108,경제/경영,A1,,,
182,S00182,경제신문이 말하지 않는 경제 이야기,임주영,민들레북,20240115,경제/경영,A1,,,
183,S00183,컨셉 수업,호소다 다카히로,알에이치코리아,20240124,경제/경영,A1,,,
184,S00184,부의 인문학(20만부 기념 개정증보판),우석,오픈마인드,20240125,경제/경영,A1,,,
185,S00185,서울 자가에 대기업 다니는 김 부장 이야기 합본호(30만부 기념 한정판),송희구,서삼독,20240129,자기계발,A10,,,
186,S00186,가시고기,조창인,산지,20240220,소설,A5,,,
187,S00187,쇼펜하우어 인생수업: 한 번뿐인 삶 이렇게 살아라(리커버 에디션),쇼펜하우어,하이스트,20240220,인문,A9,,,
188,S00188,불변의 법칙,모건 하우절,서삼독,20240228,경제/경영,A1,,,
189,S00189,수치심은 혁명적 감정이다,프레데릭 그로,책세상,20240305,인문,A9,,,
190,S00190,물질의 세계,에드 콘웨이,인플루엔셜,20240308,인문,A9,,,
191,S00191,니체 인생수업: 니체가 세상에 남긴 66가지 인생지혜(리커버 에디션),프리드리히 니체,하이스트,20240322,인문,A9,,,
192,S00192,이 지랄맞음이 쌓여 축제가 되겠지(리커버:K),조승리,달,20240329,시/에세이,A6,,,
193,S00193,"2024 큰별쌤 최태성의 별별한국사 7일의 기적 한국사능력검정시험 심화(1, 2, 3급)",최태성,이투스북,20240403,인문,A9,,,
194,S00194,토마토 컵라면(스페셜 에디션),차정은,부크크(Bookk),20240408,시/에세이,A6,,,
195,S00195,여행의 이유,김영하,복복서가,20240417,시/에세이,A6,,,
196,S00196,제철 행복,김신지,인플루엔셜,20240425,시/에세이,A6,,,
197,S00197,침묵의 봄,레이첼 카슨,에코리브르,20240430,기술/공학,A3,,,
198,S00198,이동 평균선 투자법,고지로 강사,이레미디어,20240503,경제/경영,A1,,,
199,S00199,히든 픽처스,제이슨 르쿨락,문학수첩,20240503,소설,A5,,,
200,S00200,당신에게 분명 좋은 일만 생길 거예요,이슬비,다담북스,20240513,시/에세이,A6,,,
201,S00201,행복의 기원,서은국,21세기북스,20240522,인문,A9,,,
202,S00202,석가모니 인생수업: 석가모니가 세상에 남긴 삶의 지혜,석가모니,하이스트,20240524,인문,A9,,,
203,S00203,어른의 기분 관리법,손힘찬(오가타 마리토) 외,어센딩,20240530,시/에세이,A6,,,
204,S00204,초역 부처의 말,코이케 류노스케,포레스트북스,20240530,인문,A9,,,
205,S00205,마침내 멸망하는 여름(스페셜 에디션),정,부크크(Bookk),20240603,시/에세이,A6,,,
206,S00206,포스 윙,레베카 야로스,북폴리오,20240624,소설,A5,,,
207,S00207,"2025 이기적 정보처리기사 실기 핵심 600제 + C, Java, Python 공략집",이성행,영진닷컴,20240624,컴퓨터/IT,A12,,,
208,S00208,음악소설집,김애란 외,프란츠,20240701,소설,A5,,,
209,S00209,무정형의 삶,김민철,위즈덤하우스,20240710,시/에세이,A6,,,
210,S00210,역사를 보다,박현도 외,믹스커피,20240710,역사/문화,A7,,,
211,S00211,당신이 누군가를 죽였다(선라이즈 에디션),히가시노 게이고,북다,20240723,소설,A5,,,
212,S00212,2025 에듀윌 산업안전기사 필기 한권끝장(이론편+기출문제편),최창률,에듀윌,20240725,기술/공학,A3,,,
213,S00213,사랑과 결함,예소연,문학동네,20240726,소설,A5,,,
214,S00214,행복할 거야 이래도 되나 싶을 정도로,일홍,부크럼,20240729,시/에세이,A6,,,
215,S00215,불안 세대,조너선 하이트,웅진지식하우스,20240731,인문,A9,,,
216,S00216,라비우와 링과,김서해,위즈덤하우스,20240814,소설,A5,,,
217,S00217,푸른 들판을 걷다,클레어 키건,다산책방,20240816,소설,A5,,,
218,S00218,고전이 답했다: 마땅히 살아야 할 삶에 대하여,고명환,라곰,20240826,자기계발,A10,,,
219,S00219,2025 시나공 컴퓨터활용능력 2급 실기 기본서(ver.2021),길벗알앤디,길벗,20240826,컴퓨터/IT,A12,,,
220,S00220,이중 하나는 거짓말,김애란,문학동네,20240827,소설,A5,,,
221,S00221,팩트풀니스(50만 부 뉴에디션),한스 로슬링 외,김영사,20240901,인문,A9,,,
222,S00222,퓨처 셀프 30만 부 기념 스페셜 에디션,벤저민 하디,상상스퀘어,20240925,자기계발,A10,,,
223,S00223,나는 미국 월배당 ETF로 40대에 은퇴한다,최영민,지음미디어,20240927,경제/경영,A1,,,
224,S00224,박태웅의 AI 강의 2025,박태웅,한빛비즈,20240930,경제/경영,A1,,,
225,S00225,괴물들,클레어 데더러,을유문화사,20240930,인문,A9,,,
226,S00226,2025 에듀윌 한국사능력검정시험 2주끝장 심화: 흐름판서+판서강의,에듀윌 한국사교육연구소,에듀윌,20240930,인문,A9,,,
227,S00227,대온실 수리 보고서,김금희,창비,20241004,소설,A5,,,
228,S00228,트렌드 코리아 2025,김난도 외,미래의창,20241007,경제/경영,A1,,,
229,S00229,넥서스,유발 하라리,김영사,20241011,인문,A9,,,
230,S00230,2025 시나공 정보처리기능사 실기 기본서,길벗알앤디,길벗,20241014,컴퓨터/IT,A12,,,
231,S00231,2025 20년간 전기기사 필기,검정연구회,동일출판사,20241015,기술/공학,A3,,,
232,S00232,길 위의 뇌,정세희,한스미디어,20241018,시/에세이,A6,,,
233,S00233,비전공자도 이해할 수 있는 AI 지식(10만부 기념 개정판),박상길,비즈니스북스,20241022,과학,A2,,,
234,S00234,이별이 어려운 너에게 전하는 말,지민석,유음북스,20241022,시/에세이,A6,,,
235,S00235,하루 한 장 나의 어휘력을 위한 필사 노트,유선경,위즈덤하우스,20241023,인문,A9,,,
236,S00236,사랑과 멸종을 바꿔 읽어보십시오,유선혜,문학과지성사,20241028,시/에세이,A6,,,
237,S00237,어른의 행복은 조용하다,태수,페이지2북스,20241104,시/에세이,A6,,,
238,S00238,가난한 찰리의 연감,찰리 멍거,김영사,20241108,경제/경영,A1,,,
239,S00239,비눗방울 퐁,이유리,민음사,20241108,소설,A5,,,
240,S00240,일의 감각,조수용,REFERENCE BY B,20241110,자기계발,A10,,,
241,S00241,2025 시나공 정보처리기사 필기 기본서,길벗알앤디 외,길벗,20241111,컴퓨터/IT,A12,,,
242,S00242,린치핀,세스 고딘,필름(Feelm),20241113,자기계발,A10,,,
243,S00243,파리대왕,윌리엄 골딩,문예출판사,20241115,소설,A5,,,
244,S00244,사랑하고 선량하게 잦아드네,유수연,문학동네,20241118,시/에세이,A6,,,
245,S00245,마음의 기술,안-엘렌 클레르 외,상상스퀘어,20241118,인문,A9,,,
246,S00246,2025 시나공 컴퓨터활용능력 1급 필기 기출문제집,길벗알앤디,길벗,20241118,컴퓨터/IT,A12,,,
247,S00247,2025 시나공 컴퓨터활용능력 2급 필기 기출문제집,길벗알앤디,길벗,20241118,컴퓨터/IT,A12,,,
248,S00248,행동하지 않으면 인생은 바뀌지 않는다,브라이언 트레이시,현대지성,20241119,자기계발,A10,,,
249,S00249,해리 포터와 마법사의 돌 2,J.K. 롤링,문학수첩,20241120,소설,A5,,,
250,S00250,더 나은 어휘를 쓰고 싶은 당신을 위한 필사책,이주윤,빅피시,20241120,인문,A9,,,
251,S00251,잉아의 순우리말 그림 사전,이인아,쥬쥬베북스,20241120,인문,A9,,,
252,S00252,부자의 언어(2025 부의 시크릿 카드 에디션),존 소포릭,윌북,20241121,경제/경영,A1,,,
253,S00253,무의식은 어떻게 나를 설계하는가,데이비드 이글먼,알에이치코리아,20241122,과학,A2,,,
254,S00254,숨결이 바람 될 때(100쇄 기념 리미티드 에디션),폴 칼라니티,흐름출판,20241122,시/에세이,A6,,,
255,S00255,쉼과 나아감에 대하여,마릴린 폴,북플레저,20241127,자기계발,A10,,,
256,S00256,AI 2025 트렌드&활용백과,김덕진,스마트북스,20241129,경제/경영,A1,,,
257,S00257,"반 고흐, 영혼의 편지",빈센트 반 고흐,위즈덤하우스,20241204,시/에세이,A6,,,
258,S00258,헌등사,다와다 요코,민음사,20241206,소설,A5,,,
259,S00259,2025 시나공 컴퓨터활용능력 1급 실기 기출문제집,길벗알앤디,길벗,20241209,컴퓨터/IT,A12,,,
260,S00260,2025 해커스 전산회계 2급 이론+실무+최신기출+무료특강,이남호,해커스금융,20241211,컴퓨터/IT,A12,,,
261,S00261,하늘과 바람과 별과 시(초판본),윤동주,더스토리,20241215,시/에세이,A6,,,
262,S00262,악마와 함께 춤을,크리스타 K. 토마슨,흐름출판,20241216,인문,A9,,,
263,S00263,2025 에듀윌 위험물산업기사 실기 2주끝장,최창률,에듀윌,20241220,기술/공학,A3,,,
264,S00264,"2025 큰별쌤 최태성의 별별한국사 한국사능력검정시험 심화(1, 2, 3급)(상)",최태성,이투스북,20241224,인문,A9,,,
265,S00265,"2025 큰별쌤 최태성의 별별한국사 한국사능력검정시험 심화(1,2,3급)(하)",최태성,이투스북,20241224,인문,A9,,,
266,S00266,"2025 큰별쌤 최태성의 별별한국사 기출 500제 한국사능력검정시험 심화(1,2,3급)",최태성,이투스북,20241224,인문,A9,,,
267,S00267,지적 대화를 위한 넓고 얕은 지식 무한,채사장,웨일북(whalebooks),20241224,인문,A9,,,
268,S00268,버텨온 시간은 전부 내 힘이었다,신하영,딥앤와이드,20241227,시/에세이,A6,,,
269,S00269,세이노의 가르침(보급판),세이노,데이원,20241227,자기계발,A10,,,
270,S00270,"큰별쌤 최태성의 별별한국사 한국사능력검정시험 기본(4,5,6급)(2025,2026대비)",최태성,이투스북,20241230,인문,A9,,,
271,S00271,세스 고딘의 전략 수업(This is Strategy Seth Godin),세스 고딘,쌤앤파커스,20250102,경제/경영,A1,,,
272,S00272,이지패스 2025 ADsP 데이터분석 준전문가,전용문 외,위키북스,20250107,컴퓨터/IT,A12,,,
273,S00273,왜 그들만 부자가 되는가,필립 바구스 외,북모먼트,20250108,경제/경영,A1,,,
274,S00274,일반기계기사 필기대비,위을복,학진북스,20250109,기술/공학,A3,,,
275,S00275,심장보다 단단한 토마토 한 알,고선경,열림원,20250110,시/에세이,A6,,,
276,S00276,2025 시나공 퀵이지 컴퓨터활용능력2급 필기+실기 통합본 단기완성,길벗알앤디,길벗,20250113,컴퓨터/IT,A12,,,
277,S00277,양심,최재천 외,더클래스,20250114,시/에세이,A6,,,
278,S00278,내가 원하는 것을 나도 모를 때,전승환,북로망스,20250115,인문,A9,,,
279,S00279,살아갈 날들을 위한 괴테의 시,김종원,퍼스트펭귄,20250117,자기계발,A10,,,
280,S00280,2025 산업안전기사 실기(필답형+작업형)+무료동영상+스마트북,최윤정,구민사,20250120,기술/공학,A3,,,
281,S00281,손자병법,임용한,교보문고,20250128,역사/문화,A7,,,
282,S00282,생각의 도약,도야마 시게히코,페이지2북스,20250129,자기계발,A10,,,
283,S00283,만화로 보는 3분 철학 세트,김재훈,카시오페아,20250131,인문,A9,,,
284,S00284,진격의 거인 후회 없는 선택 2,Hajime Isayama,학산문화사,20250201,만화,A4,,,
285,S00285,2025 수제비 정보처리기사 실기 Final 실전 모의고사,윤영빈 외,건기원,20250204,컴퓨터/IT,A12,,,
286,S00286,버진 수어사이드,제프리 유제니디스,민음사,20250207,소설,A5,,,
287,S00287,황현필의 진보를 위한 역사,황현필,역바연,20250207,역사/문화,A7,,,
288,S00288,사랑은 하트 모양이 아니야,김효인,안전가옥,20250214,소설,A5,,,
289,S00289,이방인(초판본)(1944년 오리지널 초판본 표지디자인),알베르 카뮈,더스토리,20250218,소설,A5,,,
290,S00290,나의 작은 무법자,크리스 휘타커,위즈덤하우스,20250219,소설,A5,,,
291,S00291,가진 게 지독함뿐이라서,윤미애,위즈덤하우스,20250219,자기계발,A10,,,
292,S00292,2025 시나공 정보처리기사 실기 기본서,길벗알앤디 외,길벗,20250224,컴퓨터/IT,A12,,,
293,S00293,이어령의 말,이어령,세계사,20250226,인문,A9,,,
294,S00294,환율의 대전환,오건영,포레스트북스,20250228,경제/경영,A1,,,
295,S00295,노인과 바다(초판본)(1952년 오리지널 초판본 표지디자인),어니스트 헤밍웨이,더스토리,20250228,소설,A5,,,
296,S00296,변신(초판본)(1916년 오리지널 초판본 표지디자인),프란츠 카프카,더스토리,20250228,소설,A5,,,
297,S00297,싯다르타(초판본)(1922년 오리지널 초판본 표지디자인),헤르만 헤세,더스토리,20250228,소설,A5,,,
298,S00298,봄밤의 모든 것,백수린,문학과지성사,20250228,소설,A5,,,
299,S00299,2025 세무사 남정선의 전산세무 2급 이론+실무+최신기출,남정선,직업상점,20250228,컴퓨터/IT,A12,,,
300,S00300,행복했으면 좋겠어 너에게는 늘 따스하고 예쁜 날들만 가득하기를,이보람,물결,20250305,시/에세이,A6,,,
301,S00301,어른의 품격을 채우는 100일 필사 노트,김종원,청림라이프,20250305,자기계발,A10,,,
302,S00302,침묵의 퍼레이드,히가시노 게이고,재인,20250307,소설,A5,,,
303,S00303,세법개론 2(2025),임상엽 외,상경사,20250310,경제/경영,A1,,,
304,S00304,세법개론 1(2025),임상엽 외,상경사,20250310,경제/경영,A1,,,
305,S00305,자유론,존 스튜어트 밀,책세상,20250310,인문,A9,,,
306,S00306,2025 퀵패스 AI 프롬프트 활용능력 2급,AI 프롬프트 활용능력 연구소,퀵패스,20250310,컴퓨터/IT,A12,,,
307,S00307,소설 보다: 봄 2025,강보라 외,문학과지성사,20250314,소설,A5,,,
308,S00308,매일 행복할 일만 가득할 당신에게,김태환(장문),새벽녘,20250314,시/에세이,A6,,,
309,S00309,위버멘쉬,프리드리히 니체,떠오름(RISE),20250314,인문,A9,,,
310,S00310,초역 부처의 말 필사집,코이케 류노스케,포레스트북스,20250319,인문,A9,,,
311,S00311,듀얼 브레인,이선 몰릭,상상스퀘어,20250319,자기계발,A10,,,
312,S00312,그녀를 지키다,장바티스트 앙드레아,열린책들,20250320,소설,A5,,,
313,S00313,공간 인간,유현준,을유문화사,20250320,인문,A9,,,
314,S00314,단 3개의 미국 ETF로 은퇴하라,김지훈(포메뽀꼬),리더스북,20250324,경제/경영,A1,,,
315,S00315,가속화 장기투자 법칙,임인홍(오일전문가),길벗,20250325,경제/경영,A1,,,
316,S00316,결핍은 우리를 어떻게 변화시키는가,센딜 멀레이너선 외,빌리버튼,20250327,경제/경영,A1,,,
317,S00317,커서AI 트렌드&활용백과,서승완,스마트북스,20250328,경제/경영,A1,,,
318,S00318,혼모노,성해나,창비,20250328,소설,A5,,,
319,S00319,안과 겉·결혼·여름,알베르 카뮈,민음사,20250328,소설,A5,,,
320,S00320,사슴(초판본)(1936년 오리지널 초판본 표지디자인),백석,더스토리,20250328,시/에세이,A6,,,
321,S00321,진달래꽃(초판본)(1925년 오리지널 초판본 표지디자인),김소월,더스토리,20250328,시/에세이,A6,,,
322,S00322,내면소통 명상수업,김주환,인플루엔셜,20250328,인문,A9,,,
323,S00323,혼자의 시간으로 더 깊어지는 법에 관하여,레누카 가브라니,퍼스트펭귄,20250328,자기계발,A10,,,
324,S00324,흰,한강,문학동네,20250331,소설,A5,,,
325,S00325,나이가 들었다는 착각,이병민,부커,20250331,인문,A9,,,
326,S00326,언락 AI,조용민,테라코타,20250331,자기계발,A10,,,
327,S00327,주술회전 29: 인외마경 신주쿠 결전 사활,Gege Akutami,서울미디어코믹스(서울문화사),20250401,만화,A4,,,
328,S00328,제16회 젊은작가상 수상작품집(2025),백온유 외,문학동네,20250402,소설,A5,,,
329,S00329,퇴마록 국내편 2,이우혁,반타,20250402,소설,A5,,,
330,S00330,퇴마록 국내편 1,이우혁,반타,20250402,소설,A5,,,
331,S00331,대통령 윤석열 탄핵 사건 선고 결정문,헌법재판소,더휴먼,20250404,정치/사회,A11,,,
332,S00332,단 한 번의 삶,김영하,복복서가,20250406,시/에세이,A6,,,
333,S00333,혼자 공부하는 머신러닝+딥러닝,박해선,한빛미디어,20250407,컴퓨터/IT,A12,,,
334,S00334,된다! 조회수 터지는 유튜브 쇼츠 만들기,최지영,이지스퍼블리싱,20250407,컴퓨터/IT,A12,,,
335,S00335,긴키 지방의 어느 장소에 대하여,세스지 외,반타,20250410,소설,A5,,,
336,S00336,2025 시대에듀 한국실용글쓰기 실제 기출로 끝내기,이원근 외,시대고시기획,20250410,인문,A9,,,
337,S00337,마중도 배웅도 없이,박준,창비,20250411,시/에세이,A6,,,
338,S00338,고독한 용의자,찬호께이,위즈덤하우스,20250415,소설,A5,,,
339,S00339,결국 국민이 합니다,이재명,오마이북,20250415,정치/사회,A11,,,
340,S00340,비트코인의 시대,김창익,다산북스,20250416,경제/경영,A1,,,
341,S00341,행동은 불안을 이긴다,롭 다이얼,서삼독,20250416,자기계발,A10,,,
342,S00342,백년공부법,정경훈,진성북스,20250417,과학,A2,,,
343,S00343,제로 투 원(10주년 기념판),피터 틸 외,한국경제신문,20250418,경제/경영,A1,,,
344,S00344,연매장,팡팡,문학동네,20250418,소설,A5,,,
345,S00345,빛과 실,한강,문학과지성사,20250418,시/에세이,A6,,,
346,S00346,2025 해커스 한국사능력검정시험 심화(1 2 3급) 한권합격 + 빈출개념 압축노트 + 모의고사 4회분,해커스 한국사연구소,해커스한국사,20250418,인문,A9,,,
347,S00347,2025 ADsP 데이터분석 준전문가,윤종식,데이터에듀,20250418,컴퓨터/IT,A12,,,
348,S00348,당신이 정말로 잘됐으면 하는 마음에,태오,부크럼,20250421,시/에세이,A6,,,
349,S00349,청춘의 독서(특별증보판),유시민,웅진지식하우스,20250422,인문,A9,,,
350,S00350,우리가 지혜라고 부르는 것의 비밀,딜립 제스테 외,김영사,20250425,과학,A2,,,
351,S00351,벌거벗은 세계사: 과학편,tvn<벌거벗은세계사>제작팀 외,교보문고,20250425,역사/문화,A7,,,
352,S00352,주니어 백엔드 개발자가 반드시 알아야 할 실무 지식,최범균,한빛미디어,20250428,컴퓨터/IT,A12,,,
353,S00353,2025 해커스 전산세무 2급 한권합격 이론+실무+최신기출 12회분+무료특강,이남호,해커스금융,20250429,컴퓨터/IT,A12,,,
354,S00354,격이 다른 마흔의 사소한 차이,클로이,딥앤와이드,20250430,인문,A9,,,
355,S00355,나태한 완벽주의자,피터 홀린스,넥서스BIZ,20250501,자기계발,A10,,,
356,S00356,2025 간호사 면접,주선희 외,홍지문,20250502,기술/공학,A3,,,
357,S00357,산 루이스 레이의 다리(신형철해제본),손턴 와일더,클레이하우스,20250502,소설,A5,,,
358,S00358,가끔 살아 내는 게 엉망이어도 괜찮아,윤글,딥앤와이드,20250502,시/에세이,A6,,,
359,S00359,부서지는 아이들,애비게일 슈라이어,웅진지식하우스,20250502,인문,A9,,,
360,S00360,기울어진 평등,토마 피케티 외,와이즈베리,20250502,인문,A9,,,
361,S00361,부의 전략 수업,폴 포돌스키,필름(Feelm),20250507,경제/경영,A1,,,
362,S00362,"첫 여름, 완주",김금희,무제(MUZE),20250508,소설,A5,,,
363,S00363,맹자 인생수업: 세상의 소란 속에서 나를 지키는 50가지 맹자의 가르침,맹자,하이스트,20250509,인문,A9,,,
364,S00364,어른의 느슨함,와다 히데키,윌마,20250509,자기계발,A10,,,
365,S00365,Do it! LLM을 활용한 AI 에이전트 개발 입문,이성용,이지스퍼블리싱,20250509,컴퓨터/IT,A12,,,
366,S00366,적절한 좌절,김경일 외,저녁달,20250510,인문,A9,,,
367,S00367,천 번을 부서져도 그대는 여전히 바다다,정상교,스몰빅라이프,20250512,자기계발,A10,,,
368,S00368,실패를 성공으로 바꾸는 주식투자의 기술,정재호(부자아빠),프런트페이지,20250513,경제/경영,A1,,,
369,S00369,사는 동안 틈틈이 행복합시다,박근호,히읏,20250514,시/에세이,A6,,,
370,S00370,내 꿈에 가끔만 놀러와,고선경,문학동네,20250514,시/에세이,A6,,,
371,S00371,나는 왜 아무것도 하기 싫을까,배종빈,포레스트북스,20250514,인문,A9,,,
372,S00372,게으르게 살지만 부자는 되고 싶어,예프리,모티브,20250514,자기계발,A10,,,
373,S00373,이로운 보수 의로운 진보,최강욱 외,한겨레출판사,20250515,정치/사회,A11,,,
374,S00374,대한민국 마지막 기회가 온다,김태유,서울대학교출판문화원,20250516,경제/경영,A1,,,
375,S00375,내게 남은 스물다섯 번의 계절,슈테판 셰퍼,서삼독,20250516,소설,A5,,,
376,S00376,일억 번째 여름,청예,창비,20250516,소설,A5,,,
377,S00377,오픈 엑시트,이철승,문학과지성사,20250516,정치/사회,A11,,,
378,S00378,손실은 짧게 수익은 길게,깡토,이레미디어,20250519,경제/경영,A1,,,
379,S00379,"구글 애드센스로 돈 벌기(AI 자동화, 유튜브 쇼츠 추가 최신 확장판)",안동수(풍요),아틀라스북스,20250520,경제/경영,A1,,,
380,S00380,비전공자도 이해할 수 있는 챗GPT,박상길,비즈니스북스,20250520,과학,A2,,,
381,S00381,경험의 멸종,크리스틴 로젠,어크로스,20250520,인문,A9,,,
382,S00382,워런 버핏 웨이,로버트 해그스트롬,상상스퀘어,20250521,경제/경영,A1,,,
383,S00383,돈의 흐름은 되풀이된다,홍춘욱,포르체,20250521,경제/경영,A1,,,
384,S00384,우리의 낙원에서 만나자,하태완,북로망스,20250521,시/에세이,A6,,,
385,S00385,동생,찬와이,민음사,20250523,소설,A5,,,
386,S00386,"엔비디아 젠슨 황, 생각하는 기계",스티븐 위트,알에이치코리아,20250525,경제/경영,A1,,,
387,S00387,아이들의 집,정보라,열림원,20250525,소설,A5,,,
388,S00388,질문의 격,유선경,앤의서재,20250525,인문,A9,,,
389,S00389,켄 피셔 불변의 차트 90,켄 피셔,한국경제신문,20250526,경제/경영,A1,,,
390,S00390,"마침내, 안녕",유월,서사원,20250526,소설,A5,,,
391,S00391,"혹시, 돈 얘기해도 될까요?",주언규,필름(Feelm),20250528,시/에세이,A6,,,
392,S00392,언어가 세계를 감각하는 법,케일럽 에버렛,위즈덤하우스,20250528,인문,A9,,,
393,S00393,불멸의 유전자,리처드 도킨스,을유문화사,20250530,과학,A2,,,
394,S00394,오역하는 말들,황석희,북다,20250530,시/에세이,A6,,,
395,S00395,나를 아프게 한 말들이 모두 진실은 아니었다,마르쿠스 아우렐리우스,모티브,20250530,인문,A9,,,
396,S00396,초역 명상록,마르쿠스 아우렐리우스,각주,20250530,자기계발,A10,,,
397,S00397,테디노트의 랭체인을 활용한 RAG 비법노트(기본편),이경록,리코멘드,20250530,컴퓨터/IT,A12,,,
398,S00398,현명한 투자자,벤저민 그레이엄,국일증권경제연구소,20250602,경제/경영,A1,,,
399,S00399,완벽한 종목 추천,폴 손킨 외,에프엔미디어,20250602,경제/경영,A1,,,
400,S00400,무엇도 홀로 존재하지 않는다,카를로 로벨리,쌤앤파커스,20250602,과학,A2,,,
401,S00401,오닉스 스톰 1,레베카 야로스,북폴리오,20250602,소설,A5,,,
402,S00402,인생의 컨닝페이퍼,박종경,토네이도,20250602,자기계발,A10,,,
403,S00403,2025 퀵패스 AI 프롬프트 활용능력 1급,김유성 외,퀵패스,20250602,컴퓨터/IT,A12,,,
404,S00404,빅 사이클,레이 달리오,한빛비즈,20250603,경제/경영,A1,,,
405,S00405,AI 코리아,구윤철,바다위의정원,20250603,경제/경영,A1,,,
406,S00406,화장품은 한국이 1등입니다,박종대,경향BP,20250604,경제/경영,A1,,,
407,S00407,저주토끼(10만 부 기념 리미티드 에디션),정보라,래빗홀,20250604,소설,A5,,,
408,S00408,여름 피치 스파클링,차정은,다이브,20250604,시/에세이,A6,,,
409,S00409,"그런 날이 있잖아, 불행을 만났다가 잘 헤어진 날",배서영,캐스팅북스,20250604,시/에세이,A6,,,
410,S00410,오십에 읽는 논어,최종엽,유노북스,20250604,인문,A9,,,
411,S00411,왓츠 유어 드림,사이먼 스큅,북파머스,20250604,자기계발,A10,,,
412,S00412,된다! 하루 만에 끝내는 챗GPT 활용법,프롬프트 크리에이터,이지스퍼블리싱,20250604,컴퓨터/IT,A12,,,
413,S00413,대한민국 제 21대 대통령 이재명 희망의 대한민국(초호화 한정판 소장용 금장 에디션),대한민국,대한의소리,20250605,정치/사회,A11,,,
414,S00414,함께 가는 길은 외롭지 않습니다(제21대 대한민국 대통령 이재명 당선 기념 리커버 에디션),이재명,위즈덤하우스,20250609,시/에세이,A6,,,
415,S00415,이재명 자서전 그 꿈이 있어 여기까지 왔다,이재명,아시아,20250609,정치/사회,A11,,,
416,S00416,소설 보다: 여름 2025,김지연 외,문학과지성사,20250610,소설,A5,,,
417,S00417,싯다르타,헤르만 헤세,민음사,20250610,소설,A5,,,
418,S00418,기묘한 한국사,김재완,믹스커피,20250610,역사/문화,A7,,,
419,S00419,부동산 투자 황금 로드맵,부동산 김사부(김원철),다산북스,20250611,경제/경영,A1,,,
420,S00420,애니멀 커넥션,애슐리 워드,상상스퀘어,20250611,과학,A2,,,
421,S00421,치유의 빛,강화길,은행나무,20250611,소설,A5,,,
422,S00422,"다시, 몸으로",김초엽 외,래빗홀,20250611,소설,A5,,,
423,S00423,단 한 줄만 내 마음에 새긴다고 해도,나민애,포레스트북스,20250611,인문,A9,,,
424,S00424,"큰별쌤 최태성의 별별한국사 시대별 기출문제집 한국사능력검정시험 심화(1,2,3급)",최태성,이투스북,20250611,인문,A9,,,
425,S00425,누구도 대신 살아 주지 않는다,브라이언 트레이시,오픈도어북스,20250611,자기계발,A10,,,
426,S00426,운의 메커니즘,서태양,아우름,20250611,자기계발,A10,,,
427,S00427,스타트 위드 와이(15주년 특별 개정판),사이먼 시넥,임팩터(impacter),20250611,자기계발,A10,,,
428,S00428,믹스(Mix) 23,아다치 미츠루,대원씨아이,20250612,만화,A4,,,
429,S00429,인생을 바꾸는 이메일 쓰기,이슬아,이야기장수,20250612,시/에세이,A6,,,
430,S00430,너를 아끼며 살아라,나태주,더블북,20250612,시/에세이,A6,,,
431,S00431,너무 그러지 마시어요,나태주,김영사,20250612,시/에세이,A6,,,
432,S00432,네가 봄에 써야지 속으로 생각했던,심보선,아침달,20250612,시/에세이,A6,,,
433,S00433,브랜드 창업 마스터,이종구,마스터클라스,20250613,경제/경영,A1,,,
434,S00434,마침내 특이점이 시작된다,레이 커즈와일,비즈니스북스,20250613,과학,A2,,,
435,S00435,황천의 츠가이 8,Hiromu Arakawa,대원씨아이,20250613,만화,A4,,,
436,S00436,밤새들의 도시,김주혜,다산책방,20250613,소설,A5,,,
437,S00437,급류,정대건,민음사,20250613,소설,A5,,,
438,S00438,죽은 자에게 입이 있다,다카노 가즈아키,황금가지,20250613,소설,A5,,,
439,S00439,"선생님, 지도엔 없는 이야기 하나 들려주시죠",노승대,불광출판사,20250613,역사/문화,A7,,,
440,S00440,쇼펜하우어 인생수업 2: 한 번뿐인 삶 이렇게 살아라,쇼펜하우어,하이스트,20250613,인문,A9,,,
441,S00441,의젓한 사람들: 다정함을 넘어 책임지는 존재로,김지수,양양하다,20250615,인문,A9,,,
442,S00442,우리가 타인을 마주할 때,아돌프 크니게,저녁달,20250615,인문,A9,,,
443,S00443,똥본위화폐: 낮은 곳에서 번지하다,조재원,동승,20250615,정치/사회,A11,,,
444,S00444,요즘 디자인을 위한 포토샵 & 일러스트레이터,서영열(우디),시프트,20250615,컴퓨터/IT,A12,,,
445,S00445,열혈강호 93,전극진,대원씨아이,20250616,만화,A4,,,
446,S00446,메이드 인 어비스  13,Akihito Tsukushi,대원씨아이,20250616,만화,A4,,,
447,S00447,장미와 나이프,히가시노 게이고,반타,20250616,소설,A5,,,
448,S00448,료의 생각 없는 생각,료,열림원,20250616,시/에세이,A6,,,
449,S00449,나 외계인이 될지도 몰라,신이인,문학동네,20250616,시/에세이,A6,,,
450,S00450,온전한 사랑의 이해,다니엘,사운드인사이트(Sound Insight),20250616,시/에세이,A6,,,
451,S00451,2026 시나공 컴퓨터활용능력 2급 필기 기본서,길벗알앤디,길벗,20250616,컴퓨터/IT,A12,,,
452,S00452,2026 시나공 컴퓨터활용능력 1급 필기 기본서,길벗알앤디,길벗,20250616,컴퓨터/IT,A12,,,
453,S00453,바람은 도착하지 않는다,유래혁,포스터샵,20250617,소설,A5,,,
454,S00454,화산귀환 8,비가,러프미디어,20250617,소설,A5,,,
455,S00455,화산귀환 10,비가,러프미디어,20250617,소설,A5,,,
456,S00456,화산귀환 9,비가,러프미디어,20250617,소설,A5,,,
457,S00457,순간을 달리는 할머니 2,엄유진,문학동네,20250617,시/에세이,A6,,,
458,S00458,순간을 달리는 할머니 1,엄유진,문학동네,20250617,시/에세이,A6,,,
459,S00459,같이 읽자는 고백,김소영,이야기장수,20250617,시/에세이,A6,,,
460,S00460,모든 일에는 다 순서가 있는 법,한근태,클라우드나인,20250617,자기계발,A10,,,
461,S00461,"몸, 내 안의 우주",남궁인,문학동네,20250618,과학,A2,,,
462,S00462,천재 로봇공학자 다니엘라 루스의 MIT 로봇 수업,다니엘라 루스 외,김영사,20250618,과학,A2,,,
463,S00463,비실비실 선생님 7,Kamio Fukuchi,대원씨아이,20250618,만화,A4,,,
464,S00464,토막 난 우주를 안고서,김초엽 외,허블,20250618,소설,A5,,,
465,S00465,메리골드 마음 식물원,윤정은,북로망스,20250618,소설,A5,,,
466,S00466,그들이 보지 못할 밤은 아름다워,백사혜,허블,20250618,소설,A5,,,
467,S00467,슬픈 마음 있는 사람,정기현,스위밍꿀,20250618,소설,A5,,,
468,S00468,여름어 사전,아침달 편집부,아침달,20250618,시/에세이,A6,,,
469,S00469,김혜순 죽음 트릴로지,김혜순,문학과지성사,20250618,시/에세이,A6,,,
470,S00470,이다의 도시관찰일기,이다,반비,20250618,시/에세이,A6,,,
471,S00471,같이 밥 먹고 싶은 아저씨 되는 법,김태균,몽스북,20250618,시/에세이,A6,,,
472,S00472,과일: 여름이 긴 것은 수박을 많이 먹으라는 뜻이다,쩡찌,세미콜론,20250618,시/에세이,A6,,,
473,S00473,두선생의 지도로 읽는 세계사: 동양 편,한영준,21세기북스,20250618,역사/문화,A7,,,
474,S00474,부의 심리학,김경일,포레스트북스,20250618,인문,A9,,,
475,S00475,가짜 결핍,마이클 이스터,부키,20250618,인문,A9,,,
476,S00476,혼자 있는 시간의 힘,사이토 다카시,위즈덤하우스,20250618,자기계발,A10,,,
477,S00477,신부이야기 15,Kaoru Mori,대원씨아이,20250619,만화,A4,,,
478,S00478,지뢰 글리코,아오사키 유고,리드비,20250619,소설,A5,,,
479,S00479,무조건 팔리는 카피 단어장,간다 마사노리 외,동양북스,20250620,경제/경영,A1,,,
480,S00480,음식은 어떻게 우리 몸을 바꾸는가,앤드루 젠킨슨,현암사,20250620,과학,A2,,,
481,S00481,핑크와 하바네로 11,Mika Satonaka,대원씨아이,20250620,만화,A4,,,
482,S00482,상점가의 전진,PANPANYA,대원씨아이,20250620,만화,A4,,,
483,S00483,안녕이라 그랬어,김애란,문학동네,20250620,소설,A5,,,
484,S00484,궤도,서맨사 하비,서해문집,20250620,소설,A5,,,
485,S00485,귀신 저택,미야베 미유키,북스피어,20250620,소설,A5,,,
486,S00486,탁월하게 서글픈 자의식,박참새,마음산책,20250620,시/에세이,A6,,,
487,S00487,내가 죽으면 누가 울어줄까,박찬위,필로맨틱,20250620,시/에세이,A6,,,
488,S00488,기자의 글쓰기: 실전편 싸움의 기술(도서 + 강연),박종인,와이즈맵,20250620,인문,A9,,,
489,S00489,나이 들수록 행복해지는 인생의 태도에 관하여,글래디스 맥게리,부키,20250620,인문,A9,,,
490,S00490,청킹맨션의 보스는 알고 있다,오가와 사야카,갈라파고스,20250620,인문,A9,,,
491,S00491,생각하라 그리고 부자가 되어라,나폴레온 힐,넥스웍,20250620,자기계발,A10,,,
492,S00492,테디노트의 랭체인을 활용한 RAG 비법노트: 심화편,이경록(테디노트),리코멘드,20250620,컴퓨터/IT,A12,,,
493,S00493,패권,파미 올슨,문학동네,20250623,경제/경영,A1,,,
494,S00494,진짜 하루만에 이해하는 해운·조선 산업,김성훈 외,티더블유아이지,20250623,경제/경영,A1,,,
495,S00495,요리를 한다는 것,최강록,클,20250623,시/에세이,A6,,,
496,S00496,내 주머니는 맑고 강풍,최진영,핀드,20250623,시/에세이,A6,,,
497,S00497,내 삶을 가로막은 건 언제나 나였다,게리 홀츠,스몰빅라이프,20250623,자기계발,A10,,,
498,S00498,생성형 AI를 위한 프롬프트 엔지니어링,제임스 피닉스 외,한빛미디어,20250623,컴퓨터/IT,A12,,,
499,S00499,스파이 패밀리 15,Tatsuya Endo,학산문화사,20250624,만화,A4,,,
500,S00500,"전지적 독자 시점 13, 14 세트",슬리피-C,에이템포미디어,20250624,만화,A4,,,
501,S00501,나츠메 우인장 31,Yuki Midorikawa,학산문화사,20250624,만화,A4,,,
502,S00502,테이블 포 투,에이모 토울스,현대문학,20250624,소설,A5,,,
503,S00503,편안함의 습격,마이클 이스터,수오서재,20250624,인문,A9,,,
504,S00504,박곰희 연금 부자 수업,박곰희,인플루엔셜,20250625,경제/경영,A1,,,
505,S00505,블루 록 Episode 나기 6,Kota Sannomiya,학산문화사,20250625,만화,A4,,,
506,S00506,더 화이팅 142,Joji Morikawa,학산문화사,20250625,만화,A4,,,
507,S00507,여름은 고작 계절,김서해,위즈덤하우스,20250625,소설,A5,,,
508,S00508,세 개의 푸른 돌,은모든,안온북스,20250625,소설,A5,,,
509,S00509,쓰는 인간: 종이에 기록한 사유와 창조의 역사,롤런드 앨런,상상스퀘어,20250625,역사/문화,A7,,,
510,S00510,만들어진 서양,니샤 맥 스위니,열린책들,20250625,역사/문화,A7,,,
511,S00511,어떻게 어른이 되는가,엄성우,추수밭,20250625,인문,A9,,,
512,S00512,존재 자체로 괜찮은 날이었다,권미주,밀리언서재,20250625,자기계발,A10,,,
513,S00513,네 명의 억만장자와 한 명의 주차관리원,크리스토퍼 울만,서삼독,20250625,자기계발,A10,,,
514,S00514,커뮤니티에 입장하셨습니다,권성민,돌고래,20250625,정치/사회,A11,,,
515,S00515,공장폐쇄,송지연,새빛,20250625,정치/사회,A11,,,
516,S00516,나는 0원으로 강남 건물주보다 월세 많이 받는 온라인 건물주로 산다,알파남(김지수),타이탄북스,20250626,경제/경영,A1,,,
517,S00517,무너지지 않으려 애쓰는 너에게,예원,부크럼,20250626,시/에세이,A6,,,
518,S00518,먼저 온 미래,장강명,동아시아,20250626,인문,A9,,,
519,S00519,아티스트 웨이,줄리아 카메론,위즈덤하우스,20250626,자기계발,A10,,,
520,S00520,아티스트 웨이: 심화편,줄리아 카메론,위즈덤하우스,20250626,자기계발,A10,,,
521,S00521,MCP로 똑똑하게 일하는 법,케이트리,제이펍,20250626,컴퓨터/IT,A12,,,
522,S00522,세계 경제 지각 변동,박종훈,글로퍼스,20250627,경제/경영,A1,,,
523,S00523,인생을 바꾸는 최고의 ETF,잼투리,거인의정원,20250627,경제/경영,A1,,,
524,S00524,"샘 올트먼, 더 비전 2030",이재훈,한빛비즈,20250627,경제/경영,A1,,,
525,S00525,육일약국 갑시다,김성오,다크호스,20250627,경제/경영,A1,,,
526,S00526,양자와 장,숀 캐럴,바다출판사,20250627,과학,A2,,,
527,S00527,버려진 섬들,캘 플린,문학동네,20250627,과학,A2,,,
528,S00528,히카루가 죽은 여름 6,모쿠모쿠렌,디앤씨미디어,20250627,만화,A4,,,
529,S00529,히카루가 죽은 여름 6(특별판),모쿠모쿠렌,디앤씨미디어,20250627,만화,A4,,,
530,S00530,"마음을 두고 온 곳, 세계의 구멍가게 이야기",이미경,남해의봄날,20250627,시/에세이,A6,,,
531,S00531,두 번의 계엄령 사이에서,김명인,돌베개,20250627,역사/문화,A7,,,
532,S00532,"큰 뜻을 품은 자여, 왜 그 자리에 머물러 있는가",정약용,모티브,20250627,인문,A9,,,
533,S00533,방치된 믿음,이성원 외,바다출판사,20250627,정치/사회,A11,,,
534,S00534,부자의 기술,박승영 외,티더블유아이지,20250630,경제/경영,A1,,,
535,S00535,AI 전쟁 2.0,하정우 외,한빛비즈,20250630,경제/경영,A1,,,
536,S00536,주식투자 필독서 40,차영주,센시오,20250630,경제/경영,A1,,,
537,S00537,드디어 만나는 해부학 수업,케빈 랭포드,현대지성,20250630,과학,A2,,,
538,S00538,2025 원큐패스 간호조무사 핵심 총정리 문제집,백지운,다락원,20250630,기술/공학,A3,,,
539,S00539,원피스 111: 엘바프 모험,EIICHIRO ODA,대원씨아이,20250630,만화,A4,,,
540,S00540,반딧불이의 혼례 7,Oreco TACHIBANA,서울미디어코믹스(서울문화사),20250630,만화,A4,,,
541,S00541,반딧불이의 혼례 7(한정판),Oreco TACHIBANA,서울미디어코믹스(서울문화사),20250630,만화,A4,,,
542,S00542,드래곤볼 초전집 2,Akira TORIYAMA,서울미디어코믹스(서울문화사),20250630,만화,A4,,,
543,S00543,책벌레의 하극상 제5부 여신의 화신 8,카즈키 미야,길찾기,20250630,소설,A5,,,
544,S00544,냉이꽃 내 아버지,최인숙,W미디어,20250630,시/에세이,A6,,,
545,S00545,비잔티움 문명,앙드레 기유,한길사,20250630,인문,A9,,,
546,S00546,이제 나는 명랑하게 살기로 했다,이호선 외,오아시스,20250630,자기계발,A10,,,
547,S00547,언와인드: 하비스트 캠프의 도망자,닐 셔스터먼,열린책들,20250701,소설,A5,,,
548,S00548,"아무튼, 여름",김신회,제철소,20250701,시/에세이,A6,,,
549,S00549,유쾌한 워터멜론,차정은,부크크(Bookk),20250701,시/에세이,A6,,,
550,S00550,"아무튼, 리코더",황선우,코난북스,20250701,시/에세이,A6,,,
551,S00551,유령 알러지,정,부크크(Bookk),20250701,시/에세이,A6,,,
552,S00552,CEO의 다이어리,스티븐 바틀렛,윌북,20250701,자기계발,A10,,,
553,S00553,간절히 말하면 기적처럼 이루어진다,이유진,유노북스,20250701,자기계발,A10,,,
554,S00554,쉽게 배워 바로 돈 버는 부동산 경매 투자,당근자판기(김진옥),길벗,20250702,경제/경영,A1,,,
555,S00555,행복 강박,올리버 버크먼,북플레저,20250702,인문,A9,,,
556,S00556,고전이 답했다 마땅히 가져야 할 부에 대하여,고명환,라곰,20250702,자기계발,A10,,,
557,S00557,생각의 주도권을 디자인하라,박용후,경이로움,20250702,자기계발,A10,,,
558,S00558,서울의 하이스트리트,김성순,디자인하우스,20250703,경제/경영,A1,,,
559,S00559,너무 늦은 시간,클레어 키건,다산책방,20250703,소설,A5,,,
560,S00560,감정 사전,단춤,유유히,20250703,시/에세이,A6,,,
561,S00561,한 권으로 끝내는 절세 배당 은퇴 공식,김제림,매일경제신문사,20250704,경제/경영,A1,,,
562,S00562,"하루 6시간 일하고, 2억 버는 밀크티 카페",김득상,산책,20250704,경제/경영,A1,,,
563,S00563,너를 찾는 파도 3(특별판),청연,다산코믹스(DASAN COMICS),20250704,만화,A4,,,
564,S00564,모나의 눈,토마 슐레세,문학동네,20250704,소설,A5,,,
565,S00565,산빛,박노해,느린걸음,20250704,시/에세이,A6,,,
566,S00566,"지금은 봄, 비 오고 나면 푸른 여름",문정,책읽는수요일,20250704,시/에세이,A6,,,
567,S00567,미묘한 메모의 묘미,김중혁,유유,20250704,시/에세이,A6,,,
568,S00568,무라카미 하루키 지금 어디에 있니,김응교,책읽는고양이,20250704,인문,A9,,,
569,S00569,작심필사,신현만,세이코리아,20250704,자기계발,A10,,,
570,S00570,끝까지 해내는 뇌,카이라 보비넷,갤리온,20250704,자기계발,A10,,,
571,S00571,미치도록 보고 싶었던 돈의 얼굴,EBS 돈의 얼굴 제작진 외,영진닷컴,20250705,경제/경영,A1,,,
572,S00572,대한민국 최상급지 사다리 갈아타기,임실장,페이지2북스,20250707,경제/경영,A1,,,
573,S00573,리러브(Re-Love),타로호랑,여의도책방,20250707,인문,A9,,,
574,S00574,"다시, 가슴 뛰는 삶을 살아라",다릴 앙카,알에이치코리아,20250707,인문,A9,,,
575,S00575,행복하지 않아서 뇌를 바꾸려고 합니다,손정헌,더페이지,20250707,자기계발,A10,,,
576,S00576,기억을 비울수록 뇌가 산다,이와다테 야스오,이든서재,20250707,자기계발,A10,,,
577,S00577,"두 번의 사기탄핵, 진실은 터졌다",변희재,미디어워치,20250707,정치/사회,A11,,,
578,S00578,국민이 지키는 나라,대통령(윤석열) 탄핵소추위원 법률 대리인단 외,푸른숲,20250707,정치/사회,A11,,,
579,S00579,사랑에 빠지지 말 것 사랑을 할 것,슈히,딥앤와이드,20250708,시/에세이,A6,,,
580,S00580,컨셉 언어 수업,호소다 다카히로,알에이치코리아,20250709,경제/경영,A1,,,
581,S00581,청와대 사람들,강승지,페이지2북스,20250709,시/에세이,A6,,,
582,S00582,생각 중독자를 위한 관계 수업,Nick Trenton,청림출판,20250709,자기계발,A10,,,
583,S00583,리스크테이커,네이트 실버,더퀘스트,20250710,경제/경영,A1,,,
584,S00584,AI 에이전트 트렌드&활용백과,김덕진 외,스마트북스,20250710,경제/경영,A1,,,
585,S00585,잘 배운 다정함,맑음,저녁달,20250710,시/에세이,A6,,,
586,S00586,어떻게 살 만한 세상을 만들 것인가: 흔들리는 세계의 질서 편,노엄 촘스키 외,알토북스,20250710,인문,A9,,,
587,S00587,서울대학교 AI융합교육학과 인공지능 수업 가이드,오유나 외,다빈치books,20250710,인문,A9,,,
588,S00588,10분 만에 따라 하는 Claude MCP 업무 자동화 혁신 가이드,이호준,리코멘드,20250710,컴퓨터/IT,A12,,,
589,S00589,AI 에이전트 인 액션,마이클 래넘,위키북스,20250710,컴퓨터/IT,A12,,,
590,S00590,언와인드 디스톨로지 세트 박스,닐 셔스터먼 외,열린책들,20250711,소설,A5,,,
591,S00591,작은 일기,황정은,창비,20250711,시/에세이,A6,,,
592,S00592,미디어의 지질학,유시 파리카,현실문화,20250711,인문,A9,,,
593,S00593,한 번 배우면 평생 써먹는 ETF 투자법,윤타(윤영준),동양북스,20250714,경제/경영,A1,,,
594,S00594,심각한 테라폼 중독입니다,홍수민 외,제이펍,20250714,컴퓨터/IT,A12,,,
595,S00595,"아들아, 미국주식 이렇게 하지 마라",이주택,위너스북,20250715,경제/경영,A1,,,
596,S00596,"메리 마블링 1, 2권(한정판)",펭키,학산문화사,20250715,만화,A4,,,
597,S00597,나는 왜 고전이 좋았을까,신은하,더케이북스,20250715,시/에세이,A6,,,
598,S00598,책은 핑계고 수다는 진심이야,임선효 외,미다스북스,20250715,시/에세이,A6,,,
599,S00599,욕을 먹어도 신경 쓰지 않는 사고방식,호리 모토코,파인북,20250715,자기계발,A10,,,
600,S00600,결국 마음먹은 대로 된다,나폴레온 힐,지니의서재,20250715,자기계발,A10,,,
601,S00601,2026 ADP 필기 데이터 분석 전문가: 올패키지,윤종식,데이터에듀,20250715,컴퓨터/IT,A12,,,
602,S00602,추세에 관한 6가지 트레이딩 시스템,웰스 와일더,이레미디어,20250718,경제/경영,A1,,,
603,S00603,불안하면 MBA,김상명 외,박영사,20250720,경제/경영,A1,,,
604,S00604,너라는 브랜드를 마케팅하라,이소라,클랩북스,20250720,자기계발,A10,,,
605,S00605,2026 이기적 컴퓨터활용능력 1급 필기 기본서,홍태성 외,영진닷컴,20250720,컴퓨터/IT,A12,,,
606,S00606,2026 이기적 컴퓨터활용능력 2급 필기 기본서,홍태성 외,영진닷컴,20250720,컴퓨터/IT,A12,,,
607,S00607,호모레퍼런스,김문식,미다스북스,20250721,인문,A9,,,
608,S00608,나는 북경의 택배기사입니다,후안옌,윌북,20250730,시/에세이,A6,,,
609,S00609,엄마를 만나러 가는 길 2,고먕,네이버웹툰,20250801,만화,A4,,,
610,S00610,엄마를 만나러 가는 길 1,고먕,네이버웹툰,20250801,만화,A4,,,
611,S00611,어떤 계모님의 메르헨 6(한정판),ORKA,캐롯툰,20250830,만화,A4,,,
